{"cameraMode":{"drawMode":0,"name":"Shaded","section":"Shading Mode"},"sceneLighting":false,"audioPlay":false,"sceneViewState":{"m_AlwaysRefresh":false,"showFog":true,"showSkybox":false,"showFlares":true,"showImageEffects":true,"showParticleSystems":true,"showVisualEffectGraphs":true,"m_FxEnabled":true},"in2DMode":false,"pivot":{"x":2.3556923866271974,"y":2.851142406463623,"z":3.2374534606933595},"rotation":{"x":0.018732449039816858,"y":-0.9579403400421143,"z":0.06352874636650086,"w":0.27779340744018557},"size":1.0606601238250733,"orthographic":false}