{"cameraMode":{"drawMode":0,"name":"Shaded","section":"Shading Mode"},"sceneLighting":true,"audioPlay":false,"sceneViewState":{"m_AlwaysRefresh":false,"showFog":true,"showSkybox":true,"showFlares":true,"showImageEffects":true,"showParticleSystems":true,"showVisualEffectGraphs":true,"m_FxEnabled":true},"in2DMode":false,"pivot":{"x":2.17991304397583,"y":9.62130069732666,"z":11.144168853759766},"rotation":{"x":0.0009735114290378988,"y":0.9975405931472778,"z":-0.0644368976354599,"w":0.002056128578260541},"size":5.610053062438965,"orthographic":false}